filename,object_location,image_small,image_thumb
001_americanindians.jpg,/objects/001_americanindians.jpg,/objects/small/001_americanindians_sm.jpg,/objects/thumbs/001_americanindians_th.jpg
002_tradingpath.png,/objects/002_tradingpath.png,/objects/small/002_tradingpath_sm.jpg,/objects/thumbs/002_tradingpath_th.jpg
003_tribesmap.jpg,/objects/003_tribesmap.jpg,/objects/small/003_tribesmap_sm.jpg,/objects/thumbs/003_tribesmap_th.jpg
004_catawbas.jpg,/objects/004_catawbas.jpg,/objects/small/004_catawbas_sm.jpg,/objects/thumbs/004_catawbas_th.jpg
005_cherokeenation.jpg,/objects/005_cherokeenation.jpg,/objects/small/005_cherokeenation_sm.jpg,/objects/thumbs/005_cherokeenation_th.jpg
006_coharie.png,/objects/006_coharie.png,/objects/small/006_coharie_sm.jpg,/objects/thumbs/006_coharie_th.jpg
007_haliwasaponi.jpg,/objects/007_haliwasaponi.jpg,/objects/small/007_haliwasaponi_sm.jpg,/objects/thumbs/007_haliwasaponi_th.jpg
008_lumbeelogo.jpg,/objects/008_lumbeelogo.jpg,/objects/small/008_lumbeelogo_sm.jpg,/objects/thumbs/008_lumbeelogo_th.jpg
009_meherrin.jpg,/objects/009_meherrin.jpg,/objects/small/009_meherrin_sm.jpg,/objects/thumbs/009_meherrin_th.jpg
010_occaneechimarker.jpg,/objects/010_occaneechimarker.jpg,/objects/small/010_occaneechimarker_sm.jpg,/objects/thumbs/010_occaneechimarker_th.jpg
011_sappony.jpg,/objects/011_sappony.jpg,/objects/small/011_sappony_sm.jpg,/objects/thumbs/011_sappony_th.jpg
012_waccamaw.jpg,/objects/012_waccamaw.jpg,/objects/small/012_waccamaw_sm.jpg,/objects/thumbs/012_waccamaw_th.jpg
013_coree.jpg,/objects/013_coree.jpg,/objects/small/013_coree_sm.jpg,/objects/thumbs/013_coree_th.jpg
014_croatan.jpg,/objects/014_croatan.jpg,/objects/small/014_croatan_sm.jpg,/objects/thumbs/014_croatan_th.jpg
015_shahor_oenock.jpg,/objects/015_shahor_oenock.jpg,/objects/small/015_shahor_oenock_sm.jpg,/objects/thumbs/015_shahor_oenock_th.jpg
016_keeauwee.jpg,/objects/016_keeauwee.jpg,/objects/small/016_keeauwee_sm.jpg,/objects/thumbs/016_keeauwee_th.jpg
017_mattamuskeet.jpg,/objects/017_mattamuskeet.jpg,/objects/small/017_mattamuskeet_sm.jpg,/objects/thumbs/017_mattamuskeet_th.jpg
018_pomeiock.jpg,/objects/018_pomeiock.jpg,/objects/small/018_pomeiock_sm.jpg,/objects/thumbs/018_pomeiock_th.jpg
019_lower_saura_town.jpg,/objects/019_lower_saura_town.jpg,/objects/small/019_lower_saura_town_sm.jpg,/objects/thumbs/019_lower_saura_town_th.jpg
020_shakori.png,/objects/020_shakori.png,/objects/small/020_shakori_sm.jpg,/objects/thumbs/020_shakori_th.jpg
021_sissipahaw.jpg,/objects/021_sissipahaw.jpg,/objects/small/021_sissipahaw_sm.jpg,/objects/thumbs/021_sissipahaw_th.jpg
022_tuscarora.jpg,/objects/022_tuscarora.jpg,/objects/small/022_tuscarora_sm.jpg,/objects/thumbs/022_tuscarora_th.jpg
023_yeopim.jpg,/objects/023_yeopim.jpg,/objects/small/023_yeopim_sm.jpg,/objects/thumbs/023_yeopim_th.jpg
024_Dasemunkepeuc.jpg,/objects/024_Dasemunkepeuc.jpg,/objects/small/024_dasemunkepeuc_sm.jpg,/objects/thumbs/024_dasemunkepeuc_th.jpg
025_secotan.jpg,/objects/025_secotan.jpg,/objects/small/025_secotan_sm.jpg,/objects/thumbs/025_secotan_th.jpg
026_towncreek_indian_mound.jpg,/objects/026_towncreek_indian_mound.jpg,/objects/small/026_towncreek_indian_mound_sm.jpg,/objects/thumbs/026_towncreek_indian_mound_th.jpg
027_oconaluftee.jpg,/objects/027_oconaluftee.jpg,/objects/small/027_oconaluftee_sm.jpg,/objects/thumbs/027_oconaluftee_th.jpg
028_museum_cherokee.jpg,/objects/028_museum_cherokee.jpg,/objects/small/028_museum_cherokee_sm.jpg,/objects/thumbs/028_museum_cherokee_th.jpg
029_indian_museum.jpg,/objects/029_indian_museum.jpg,/objects/small/029_indian_museum_sm.jpg,/objects/thumbs/029_indian_museum_th.jpg
030_basketmaking.jpg,/objects/030_basketmaking.jpg,/objects/small/030_basketmaking_sm.jpg,/objects/thumbs/030_basketmaking_th.jpg
031_canoes.jpg,/objects/031_canoes.jpg,/objects/small/031_canoes_sm.jpg,/objects/thumbs/031_canoes_th.jpg
032_pineneedleart.jpg,/objects/032_pineneedleart.jpg,/objects/small/032_pineneedleart_sm.jpg,/objects/thumbs/032_pineneedleart_th.jpg
033_stickball.jpg,/objects/033_stickball.jpg,/objects/small/033_stickball_sm.jpg,/objects/thumbs/033_stickball_th.jpg
034_carolina_indian_voice.png,/objects/034_carolina_indian_voice.png,/objects/small/034_carolina_indian_voice_sm.jpg,/objects/thumbs/034_carolina_indian_voice_th.jpg
035_paintrock.jpg,/objects/035_paintrock.jpg,/objects/small/035_paintrock_sm.jpg,/objects/thumbs/035_paintrock_th.jpg
036_na_biographies.jpg,/objects/036_na_biographies.jpg,/objects/small/036_na_biographies_sm.jpg,/objects/thumbs/036_na_biographies_th.jpg
037_attakullakulla.png,/objects/037_attakullakulla.png,/objects/small/037_attakullakulla_sm.jpg,/objects/thumbs/037_attakullakulla_th.jpg
038_pemisapan.jpg,/objects/038_pemisapan.jpg,/objects/small/038_pemisapan_sm.jpg,/objects/thumbs/038_pemisapan_th.jpg
039_george_charles.jpg,/objects/039_george_charles.jpg,/objects/small/039_george_charles_sm.jpg,/objects/thumbs/039_george_charles_th.jpg
040_Hagler.jpg,/objects/040_Hagler.jpg,/objects/small/040_hagler_sm.jpg,/objects/thumbs/040_hagler_th.jpg
041_Smith_Nimrod_Jarrett.jpg,/objects/041_Smith_Nimrod_Jarrett.jpg,/objects/small/041_smith_nimrod_jarrett_sm.jpg,/objects/thumbs/041_smith_nimrod_jarrett_th.jpg
042_wanchese.jpg,/objects/042_wanchese.jpg,/objects/small/042_wanchese_sm.jpg,/objects/thumbs/042_wanchese_th.jpg
043_tassel.jpg,/objects/043_tassel.jpg,/objects/small/043_tassel_sm.jpg,/objects/thumbs/043_tassel_th.jpg
044_manteo.jpg,/objects/044_manteo.jpg,/objects/small/044_manteo_sm.jpg,/objects/thumbs/044_manteo_th.jpg
045_menatonon.jpg,/objects/045_menatonon.jpg,/objects/small/045_menatonon_sm.jpg,/objects/thumbs/045_menatonon_th.jpg
046_Sequoyah.jpg,/objects/046_Sequoyah.jpg,/objects/small/046_sequoyah_sm.jpg,/objects/thumbs/046_sequoyah_th.jpg
047_terryshinn.jpg,/objects/047_terryshinn.jpg,/objects/small/047_terryshinn_sm.jpg,/objects/thumbs/047_terryshinn_th.jpg
048_na_folklore.jpg,/objects/048_na_folklore.jpg,/objects/small/048_na_folklore_sm.jpg,/objects/thumbs/048_na_folklore_th.jpg
049_perdue_pressrelease.jpg,/objects/049_perdue_pressrelease.jpg,/objects/small/049_perdue_pressrelease_sm.jpg,/objects/thumbs/049_perdue_pressrelease_th.jpg
050_na_settlement.jpg,/objects/050_na_settlement.jpg,/objects/small/050_na_settlement_sm.jpg,/objects/thumbs/050_na_settlement_th.jpg
051_firstpeople_nc.jpg,/objects/051_firstpeople_nc.jpg,/objects/small/051_firstpeople_nc_sm.jpg,/objects/thumbs/051_firstpeople_nc_th.jpg
052_cherokee_language.jpg,/objects/052_cherokee_language.jpg,/objects/small/052_cherokee_language_sm.jpg,/objects/thumbs/052_cherokee_language_th.jpg
053_americanindian_education.jpg,/objects/053_americanindian_education.jpg,/objects/small/053_americanindian_education_sm.jpg,/objects/thumbs/053_americanindian_education_th.jpg
054_occaneechi.jpg,/objects/054_occaneechi.jpg,/objects/small/054_occaneechi_sm.jpg,/objects/thumbs/054_occaneechi_th.jpg
055_communities_faith.jpg,/objects/055_communities_faith.jpg,/objects/small/055_communities_faith_sm.jpg,/objects/thumbs/055_communities_faith_th.jpg
056_nc_commission_indians.jpg,/objects/056_nc_commission_indians.jpg,/objects/small/056_nc_commission_indians_sm.jpg,/objects/thumbs/056_nc_commission_indians_th.jpg
057_trail_of_tears.jpg,/objects/057_trail_of_tears.jpg,/objects/small/057_trail_of_tears_sm.jpg,/objects/thumbs/057_trail_of_tears_th.jpg
058_legends_myths.jpg,/objects/058_legends_myths.jpg,/objects/small/058_legends_myths_sm.jpg,/objects/thumbs/058_legends_myths_th.jpg
059_americanindians_wwII.jpg,/objects/059_americanindians_wwII.jpg,/objects/small/059_americanindians_wwii_sm.jpg,/objects/thumbs/059_americanindians_wwii_th.jpg
060_priscilla_jacobs.jpg,/objects/060_priscilla_jacobs.jpg,/objects/small/060_priscilla_jacobs_sm.jpg,/objects/thumbs/060_priscilla_jacobs_th.jpg
061_americanindian_cabinetmakers.jpg,/objects/061_americanindian_cabinetmakers.jpg,/objects/small/061_americanindian_cabinetmakers_sm.jpg,/objects/thumbs/061_americanindian_cabinetmakers_th.jpg
062_contemporary_powwow.jpg,/objects/062_contemporary_powwow.jpg,/objects/small/062_contemporary_powwow_sm.jpg,/objects/thumbs/062_contemporary_powwow_th.jpg
063_proclamation_aihm.jpg,/objects/063_proclamation_aihm.jpg,/objects/small/063_proclamation_aihm_sm.jpg,/objects/thumbs/063_proclamation_aihm_th.jpg
064_proclamation_halsap_powwow.jpg,/objects/064_proclamation_halsap_powwow.jpg,/objects/small/064_proclamation_halsap_powwow_sm.jpg,/objects/thumbs/064_proclamation_halsap_powwow_th.jpg
065_annual_report_aihc.jpg,/objects/065_annual_report_aihc.jpg,/objects/small/065_annual_report_aihc_sm.jpg,/objects/thumbs/065_annual_report_aihc_th.jpg
066_nc_first_people.jpg,/objects/066_nc_first_people.jpg,/objects/small/066_nc_first_people_sm.jpg,/objects/thumbs/066_nc_first_people_th.jpg
067_house_study_preserve.jpg,/objects/067_house_study_preserve.jpg,/objects/small/067_house_study_preserve_sm.jpg,/objects/thumbs/067_house_study_preserve_th.jpg
068_nativeamerican_food.jpg,/objects/068_nativeamerican_food.jpg,/objects/small/068_nativeamerican_food_sm.jpg,/objects/thumbs/068_nativeamerican_food_th.jpg
069_early_explorers.jpg,/objects/069_early_explorers.jpg,/objects/small/069_early_explorers_sm.jpg,/objects/thumbs/069_early_explorers_th.jpg
070_ai_storytelling.jpg,/objects/070_ai_storytelling.jpg,/objects/small/070_ai_storytelling_sm.jpg,/objects/thumbs/070_ai_storytelling_th.jpg
071_advisorycouncil_indianeducation.jpg,/objects/071_advisorycouncil_indianeducation.jpg,/objects/small/071_advisorycouncil_indianeducation_sm.jpg,/objects/thumbs/071_advisorycouncil_indianeducation_th.jpg
072_cherokee_man.jpg,/objects/072_cherokee_man.jpg,/objects/small/072_cherokee_man_sm.jpg,/objects/thumbs/072_cherokee_man_th.jpg
073_cherokee_woman.jpg,/objects/073_cherokee_woman.jpg,/objects/small/073_cherokee_woman_sm.jpg,/objects/thumbs/073_cherokee_woman_th.jpg
074_cherokee_fair.jpg,/objects/074_cherokee_fair.jpg,/objects/small/074_cherokee_fair_sm.jpg,/objects/thumbs/074_cherokee_fair_th.jpg
075_cherokee_fair.jpg,/objects/075_cherokee_fair.jpg,/objects/small/075_cherokee_fair_sm.jpg,/objects/thumbs/075_cherokee_fair_th.jpg
076_cherokee_performance.jpg,/objects/076_cherokee_performance.jpg,/objects/small/076_cherokee_performance_sm.jpg,/objects/thumbs/076_cherokee_performance_th.jpg
077_cherokee_ballgame.jpg,/objects/077_cherokee_ballgame.jpg,/objects/small/077_cherokee_ballgame_sm.jpg,/objects/thumbs/077_cherokee_ballgame_th.jpg
078_cherokee_ballgame.jpg,/objects/078_cherokee_ballgame.jpg,/objects/small/078_cherokee_ballgame_sm.jpg,/objects/thumbs/078_cherokee_ballgame_th.jpg
079_cherokee_stickball.jpg,/objects/079_cherokee_stickball.jpg,/objects/small/079_cherokee_stickball_sm.jpg,/objects/thumbs/079_cherokee_stickball_th.jpg
080_weaving_basket.jpg,/objects/080_weaving_basket.jpg,/objects/small/080_weaving_basket_sm.jpg,/objects/thumbs/080_weaving_basket_th.jpg
081_cherokee_dance.jpg,/objects/081_cherokee_dance.jpg,/objects/small/081_cherokee_dance_sm.jpg,/objects/thumbs/081_cherokee_dance_th.jpg
082_museum_cherokee.jpg,/objects/082_museum_cherokee.jpg,/objects/small/082_museum_cherokee_sm.jpg,/objects/thumbs/082_museum_cherokee_th.jpg
083_museum_cherokee2.jpg,/objects/083_museum_cherokee2.jpg,/objects/small/083_museum_cherokee2_sm.jpg,/objects/thumbs/083_museum_cherokee2_th.jpg
084_cherokee_county_museum.jpg,/objects/084_cherokee_county_museum.jpg,/objects/small/084_cherokee_county_museum_sm.jpg,/objects/thumbs/084_cherokee_county_museum_th.jpg
085_indian_museum.jpg,/objects/085_indian_museum.jpg,/objects/small/085_indian_museum_sm.jpg,/objects/thumbs/085_indian_museum_th.jpg
086_indian_museum.jpg,/objects/086_indian_museum.jpg,/objects/small/086_indian_museum_sm.jpg,/objects/thumbs/086_indian_museum_th.jpg
087_nc_indians.jpg,/objects/087_nc_indians.jpg,/objects/small/087_nc_indians_sm.jpg,/objects/thumbs/087_nc_indians_th.jpg
089_meherrin.jpg,/objects/089_meherrin.jpg,/objects/small/089_meherrin_sm.jpg,/objects/thumbs/089_meherrin_th.jpg
090_nc_indians.jpg,/objects/090_nc_indians.jpg,/objects/small/090_nc_indians_sm.jpg,/objects/thumbs/090_nc_indians_th.jpg
091_burnt_swamp_assc.png,/objects/091_burnt_swamp_assc.png,/objects/small/091_burnt_swamp_assc_sm.jpg,/objects/thumbs/091_burnt_swamp_assc_th.jpg
092_ncaihc_videos.jpg,/objects/092_ncaihc_videos.jpg,/objects/small/092_ncaihc_videos_sm.jpg,/objects/thumbs/092_ncaihc_videos_th.jpg
093_indian_times.jpg,/objects/093_indian_times.jpg,/objects/small/093_indian_times_sm.jpg,/objects/thumbs/093_indian_times_th.jpg
094_advisorycouncil_indianeducation.jpg,/objects/094_advisorycouncil_indianeducation.jpg,/objects/small/094_advisorycouncil_indianeducation_sm.jpg,/objects/thumbs/094_advisorycouncil_indianeducation_th.jpg
095_joara.jpg,/objects/095_joara.jpg,/objects/small/095_joara_sm.jpg,/objects/thumbs/095_joara_th.jpg
096_talking_leaves.jpg,/objects/096_talking_leaves.jpg,/objects/small/096_talking_leaves_sm.jpg,/objects/thumbs/096_talking_leaves_th.jpg
097_museum_na.jpg,/objects/097_museum_na.jpg,/objects/small/097_museum_na_sm.jpg,/objects/thumbs/097_museum_na_th.jpg
098_museum_na.jpg,/objects/098_museum_na.jpg,/objects/small/098_museum_na_sm.jpg,/objects/thumbs/098_museum_na_th.jpg
100_aihm_toolkit.png,/objects/100_aihm_toolkit.png,/objects/small/100_aihm_toolkit_sm.jpg,/objects/thumbs/100_aihm_toolkit_th.jpg
